criterion,direction,default_strength,acmg_2015,clingen_general,processing_rule,implementation_default,required_inputs,db_api,automation,va_methodType,va_met_direction,va_strength,va_outcome,va_evidence_item,review_point
PVS1,Pathogenic,very strong,"Null variant (nonsense, frameshift, canonical ±1/2 splice, initiation codon, exon deletion, etc.) in a gene where loss of function is an established disease mechanism.","Use the ClinGen PVS1 decision tree; consider transcript relevance, NMD, exon relevance, alternative initiation, and the importance/extent of the truncated region. Strength may be downgraded.","Eligible LoF consequence → confirm gene–disease LoF mechanism → select relevant transcript → predict NMD → if NMD escape, assess critical region/protein loss → assign VS/S/M/P per PVS1 decision tree. If mechanism is unknown, do not auto-fire.","NMD rule may use PTC >50 nt upstream of final exon–exon junction as a practical rule. Gene constraint (e.g., pLI/LOEUF) is supporting context only, not a substitute for disease mechanism.",normalized variant; consequence; transcript/exon/CDS position; NMD context; gene–disease mechanism; protein region/domain; alternative transcript/initiation,VEP; MANE/RefSeq; ClinGen Gene-Disease Validity; UniProt/InterPro,Semi-automatic,PVS1,supports,very strong / strong / moderate / supporting,PVS1 if default VS; otherwise PVS1_<strength>; PVS1_not_met when evaluated and not met,Generic StudyResult for annotation/NMD/mechanism evidence; Statement may be used for curated gene-disease mechanism. No dedicated PVS1 StudyResult profile in VA-Spec v1.0.,"LoF disease mechanism, biologically relevant transcript, exon/region relevance."
PS1,Pathogenic,strong,"Same amino-acid change as an established pathogenic variant, caused by a different nucleotide change.","For splice-related variants, ClinGen splicing guidance allows comparison of equivalent predicted/observed splice effects; avoid double counting with PVS1/PP3.",Missense: same residue + same alternate amino acid + different nucleotide change + comparator is sufficiently established Pathogenic; exclude cases where comparator pathogenicity is mainly due to a different splice effect. Splicing: evaluate equivalent splice consequence under ClinGen guidance.,Use primary evidence behind the comparator where possible; do not rely solely on an unreviewed database label.,protein/codon consequence; comparator variant; comparator classification/evidence; splice prediction/RNA evidence,ClinVar; NCBI Variation; ClinGen Evidence Repository; VEP; PubMed,Semi-automatic,PS1,supports,strong or adjusted strength,PS1 if default strong; otherwise PS1_<strength>; PS1_not_met,Statement describing comparator pathogenicity plus generic StudyResult for amino-acid/splice equivalence.,Quality/independence of comparator pathogenic evidence and splice-effect equivalence.
PS2,Pathogenic,strong,"De novo variant in a patient with the disease and no family history, with maternity and paternity confirmed.",Use ClinGen PS2/PM6 de novo point framework; points depend on parental relationship confirmation and phenotype consistency; aggregate independent probands to determine strength.,Proband carries ALT; both parents do not; parental relationships confirmed; genotype QC passes → assign proband points based on phenotype consistency → sum independent probands → map total to evidence strength.,"Typical genotype QC can require DP/GQ thresholds, but these are implementation policy, not ACMG/ClinGen universal thresholds.",trio genotypes; parental relationship confirmation; genotype QC; phenotype; family history; independent proband count,Internal family/case data; HPO; MONDO; ClinGen Gene-Disease Validity,Semi-automatic,PS2,supports,supporting / moderate / strong / very strong per point framework,PS2 if default strong; otherwise PS2_<strength>; PS2_not_met,Generic StudyResult for trio/genotype data plus Statement/StudyResult for phenotype assessment.,Phenotype consistency and independence of observations.
PS3,Pathogenic,strong,Well-established functional studies supportive of a damaging effect on the gene or gene product.,"ClinGen functional-evidence guidance evaluates assay relevance, controls, validation variants, replication/statistics and allows strength adjustment.",Require curated assay record → confirm assay measures a disease-relevant mechanism → assess positive/negative controls and validation → damaging result → assign strength from assay validity/quality. Do not infer assay validity from a PMID alone.,Prefer curated functional evidence or MAVE data with explicit assay metadata. Keep raw assay result separate from ACMG interpretation.,assay type/system/readout; controls; validation variants; result; statistics; replication; PMID/MaveDB ID,MaveDB; PubMed; ClinGen Evidence Repository,Curated / semi-automatic,PS3,supports,supporting / moderate / strong / very strong when justified,PS3 if default strong; otherwise PS3_<strength>; PS3_not_met,ExperimentalVariantFunctionalImpactStudyResult and/or a functional-impact Statement supported by that StudyResult.,Assay validity and relevance to disease mechanism.
PS4,Pathogenic,strong,Prevalence of the variant in affected individuals is significantly increased compared with controls.,No disease-agnostic single threshold is adopted here; case-control statistics and/or independent-case evidence must be evaluated in disease context.,"If case-control data exist, calculate/ingest effect estimate and confidence interval; require enrichment supporting association. For rare variants without adequate case-control data, use a documented case-count rule only when justified by the applicable general/local method.",Do not treat ClinVar review status or number of submissions as PS4 evidence.,case/control AC/AN; OR/RR; CI; p-value; independent probands; phenotype; study design,PubMed; case-control datasets; internal case database,Semi-automatic / manual,PS4,supports,strong or adjusted strength,PS4 if default strong; otherwise PS4_<strength>; PS4_not_met,Generic StudyResult containing case-control/case-count statistics; source Document for study.,"Study design, population matching, ascertainment, independence of cases."
PM1,Pathogenic,moderate,Located in a mutational hotspot and/or critical and well-established functional domain without benign variation.,No universal disease-agnostic hotspot window is specified; domain/hotspot evidence must be justified from curated biology/variant distribution.,"Variant lies in a curated critical domain/hotspot + pathogenic variation is enriched + benign variation is absent/limited → PM1. If only generic domain overlap is known, route to review rather than auto-fire.","fastVEP-style ±5 aa / ≥3 pathogenic / 0 benign is an implementation heuristic, not a ClinGen universal rule.",protein position; domain/hotspot coordinates; pathogenic/benign variants in region; domain function,UniProt; InterPro; ClinVar; VEP,Semi-automatic,PM1,supports,moderate or adjusted strength,PM1 if default moderate; otherwise PM1_<strength>; PM1_not_met,Generic StudyResult for domain/hotspot annotation and local variant spectrum; supporting Statements/Documents.,Whether the region is truly critical/hotspot and sufficiently depleted of benign variation.
PM2,Pathogenic,moderate (ACMG); generally supporting under ClinGen recommendation,"Absent from controls, or at extremely low frequency for a recessive disorder, in population databases.",ClinGen recommends using PM2 at Supporting strength in general and emphasizes reliable population data/rarity rather than naïve absence.,"Use reliable ancestry-aware population frequency/FAF. If absent or sufficiently rare under the configured general implementation rule, emit PM2_supporting. If coverage/AN/region quality is insufficient, mark internal status NOT_EVALUATED rather than not-met.","No universal disease-agnostic nonzero AF cutoff is asserted. If adopting fastVEP defaults (e.g., AD/unknown ≤4e-5; AR ≤7e-5), label them IMPLEMENTATION thresholds.",AC; AN; AF; ancestry-specific AF; FAF; coverage/quality; inheritance context,gnomAD; NCBI ALFA,Automatic with quality gates,PM2,supports,supporting,PM2_supporting (because strength is adjusted from ACMG default moderate); PM2_not_met,CohortAlleleFrequencyStudyResult; use ancillaryResults/qualityMeasures for FAF and coverage/quality metadata as needed.,Rarity threshold policy and reliability of population observation.
PM3,Pathogenic,moderate,"For recessive disorders, detected in trans with a pathogenic variant.","ClinGen PM3 point framework weights phase confirmation, classification of the other allele, homozygous observations and independent probands; total points map to strength.",For each proband: determine phase and classification of second allele → assign points → cap/reconcile repeated evidence as required → sum independent probands → map to Supporting/Moderate/Strong/Very Strong.,A practical mapping often uses 0.5/1/2/4 points for Supporting/Moderate/Strong/Very Strong; preserve proband-level points.,proband genotype; second variant; second-variant classification; phase; parental genotypes; phenotype; homozygous status,Internal family data; ClinVar; ClinGen Evidence Repository,Semi-automatic,PM3,supports,supporting / moderate / strong / very strong,PM3 if default moderate; otherwise PM3_<strength>; PM3_not_met,Generic StudyResult for phase/genotypes plus Statement for classification of the second allele.,"Second-allele classification, phase certainty and duplicate probands."
PM4,Pathogenic,moderate,Protein length changes due to in-frame deletions/insertions in a non-repeat region or stop-loss variants.,Avoid double counting with PVS1; interpret protein-region relevance and repetitive sequence context.,Consequence is in-frame insertion/deletion or stop-loss + changes protein length + not solely in non-functional repetitive region + same molecular consequence is not already counted under PVS1 → PM4.,"If repeat/domain annotation is unavailable, do not auto-fire.",consequence; amino-acid length change; repeat annotation; functional region/domain,VEP; UniProt; InterPro; RepeatMasker,Automatic / semi-automatic,PM4,supports,moderate or adjusted strength,PM4 if default moderate; otherwise PM4_<strength>; PM4_not_met,"Generic StudyResult for consequence, length change, repeat/domain annotation.",Functional relevance of affected region and overlap with PVS1.
PM5,Pathogenic,moderate,Novel missense change at an amino-acid residue where a different missense change is established as pathogenic.,"Comparator pathogenicity and mechanism must be sufficiently established; same amino-acid substitution belongs under PS1, not PM5.",Evaluated variant is missense + same residue has a different Pathogenic missense + comparator has adequate evidence + not same AA substitution → PM5.,Prefer comparator with reviewed primary evidence; exclude comparator whose pathogenicity is mainly splice-mediated if not mechanistically comparable.,residue; evaluated AA change; comparator AA change; comparator classification/evidence,ClinVar; ClinGen Evidence Repository; PubMed,Semi-automatic,PM5,supports,moderate or adjusted strength,PM5 if default moderate; otherwise PM5_<strength>; PM5_not_met,Statement describing comparator pathogenic variant plus generic StudyResult for residue equivalence.,Quality and mechanistic relevance of comparator evidence.
PM6,Pathogenic,moderate,"Assumed de novo, but without confirmation of maternity and paternity.",Evaluated jointly with PS2 using the ClinGen de novo point framework; parental relationship status and phenotype specificity control points/strength.,Proband carries ALT + available parent(s) do not + parental relationship not fully confirmed → PM6 candidate → phenotype/relationship points → aggregate independent probands → strength.,Genotype QC thresholds are implementation policy and must be provenance-tracked.,proband/parent genotypes; relationship confirmation status; genotype QC; phenotype; independent probands,Internal family data; HPO; MONDO,Semi-automatic,PM6,supports,supporting / moderate / strong / very strong when justified by point framework,PM6 if default moderate; otherwise PM6_<strength>; PM6_not_met,Generic StudyResult for trio/family observations and phenotype evidence.,Whether the observation qualifies as confirmed vs assumed de novo.
PP1,Pathogenic,supporting,Co-segregation with disease in multiple affected family members in a gene definitively known to cause the disease.,ClinGen PP1/BS4/PP4 guidance recommends quantitative/structured segregation assessment and integration with phenotype/locus specificity; strength may increase.,"Build informative pedigree observations → account for inheritance, penetrance, phenocopy and locus heterogeneity → calculate segregation LR/points or equivalent structured measure → map to evidence strength.",Do not use simple affected-carrier count alone when pedigree structure materially changes evidence.,pedigree; genotypes; affected status; age; penetrance assumptions; inheritance; phenotype/locus specificity,Internal pedigree data; HPO; MONDO,Semi-automatic / curator,PP1,supports,supporting / moderate / strong as justified,PP1 if default supporting; otherwise PP1_<strength>; PP1_not_met,Generic StudyResult for segregation observations; Statement/StudyResult for phenotype specificity.,"Informative meioses, penetrance, phenocopy, locus heterogeneity."
PP2,Pathogenic,supporting,Missense variant in a gene with low rate of benign missense variation and where missense variants are a common disease mechanism.,Gene-level constraint alone is insufficient; disease mechanism and pathogenic variant spectrum must support missense causality.,"Variant is missense + established gene-disease mechanism includes pathogenic missense + benign missense variation is low relative to expectation → PP2. If disease mechanism is unknown, do not auto-fire.","Missense constraint Z-score can be a heuristic, but must not replace gene-disease mechanism evidence.",variant type; gene-disease mechanism; pathogenic/benign missense spectrum; gene constraint,ClinGen Gene-Disease Validity; gnomAD constraint; ClinVar,Semi-automatic,PP2,supports,supporting,PP2; PP2_not_met,Statement for disease mechanism plus generic StudyResult for gene-level missense constraint/variant spectrum.,Whether missense is genuinely a common mechanism for the evaluated disease.
PP3,Pathogenic,supporting,Multiple lines of computational evidence support a deleterious effect on the gene/gene product.,Use calibrated predictors rather than simple majority voting; ClinGen provides calibrated evidence strengths for missense prediction and separate splicing guidance.,Select predictor appropriate to variant mechanism → compare score with a documented calibrated interval → emit PP3 at the calibrated strength. Keep protein-impact and splice-impact evidence distinct and reconcile double counting.,"fastVEP uses REVEL ≥0.644 Supporting, ≥0.773 Moderate, ≥0.932 Strong; SpliceAI ≥0.2 as Supporting. Treat these as adopted implementation thresholds with source/version.",predictor name/version; raw score; variant type; calibration source/threshold; splice context if applicable,REVEL; SpliceAI; VEP; other calibrated predictor source,Automatic,PP3,supports,supporting / moderate / strong,PP3 if supporting; PP3_moderate / PP3_strong when adjusted; PP3_not_met,Generic StudyResult for computational predictor score(s); no dedicated computational StudyResult profile in VA-Spec v1.0.,Calibration source/version and double-counting with splice/functional evidence.
PP4,Pathogenic,supporting,Patient phenotype/family history is highly specific for a disease with a single genetic etiology.,ClinGen guidance explicitly links PP4 phenotype specificity with locus heterogeneity and segregation evidence (PP1/BS4); disease-specificity must be demonstrated.,Normalize phenotype → compare with candidate disease/gene phenotype → assess specificity and genetic heterogeneity → combine with segregation context as required → assign evidence strength or route to curator.,Do not impose a universal HPO similarity cutoff as a ClinGen rule.,HPO terms; diagnosis; age/sex; labs; family history; candidate disease/gene; locus heterogeneity,HPO; MONDO; ClinGen Gene-Disease Validity,Semi-automatic / curator,PP4,supports,supporting or adjusted strength when justified,PP4 if default supporting; otherwise PP4_<strength>; PP4_not_met,Statement or generic StudyResult capturing phenotype-to-disease/gene match and specificity assessment.,Phenotype specificity and alternative genetic etiologies.
PP5,Pathogenic,supporting,"Reputable source recently reports variant as pathogenic, but evidence is not available to the laboratory.",ClinGen recommends that PP5 not be used; retrieve and evaluate primary evidence instead.,Never produce MET under the General ClinGen policy. Use external classifications only to discover primary evidence.,Internal workflow status = NOT_APPLICABLE/DEPRECATED.,None for scoring; external classifications may be used for evidence discovery,ClinVar for discovery only,Disabled,PP5,supports,supporting (legacy only),"Do not emit a MET EvidenceLine. If the implementation explicitly evaluates it as an ACMG criterion and records not-met, PP5_not_met is schema-compatible; deprecation itself should be kept in Extension/local workflow metadata.",Normally none.,N/A; deprecated.
BA1,Benign,stand alone,Allele frequency is >5% in population databases.,"ClinGen BA1 recommendations emphasize ancestry/population context, adequate allele number, data quality, and an exception list.","Use reliable population AF/FAF → require adequate observed alleles → if frequency >0.05 and not a BA1 exception → BA1. If frequency quality is unreliable, NOT_EVALUATED internally.","A minimum observed allele count/AN gate may be adopted; document it. The user source proposes at least 2,000 observed alleles based on ClinGen guidance.",population; AC; AN; AF/FAF; homozygotes; quality; BA1 exception status,gnomAD; ClinGen BA1 exception information,Automatic with quality gates,BA1,disputes,stand alone,BA1; BA1_not_met,CohortAlleleFrequencyStudyResult with sourceDataSet/cohort and relevant quality metadata.,Exception-list status and unreliable frequency regions.
BS1,Benign,strong,Allele frequency is greater than expected for the disorder.,"Requires comparison with the maximum credible allele frequency expected for the disease; depends on prevalence, inheritance, penetrance and allelic/genetic contribution.","Compute/obtain disease-specific maximum credible AF → compare ancestry-aware observed AF/FAF → if observed exceeds threshold, BS1. Without disease-level assumptions/threshold, do not claim a general automatic BS1.","A fixed fallback such as AF>1% is an implementation heuristic only, not a universal ClinGen rule.",AF/FAF; prevalence; inheritance; penetrance; genetic contribution; allelic contribution; threshold assumptions,gnomAD; epidemiologic/curated disease data,Semi-automatic,BS1,disputes,strong or adjusted,BS1 if default strong; otherwise BS1_<strength>; BS1_not_met,CohortAlleleFrequencyStudyResult plus Statement/StudyResult carrying disease-frequency assumptions.,Maximum credible AF assumptions.
BS2,Benign,strong,"Observed in a healthy adult individual for a recessive, dominant, or X-linked disorder where full penetrance is expected at an early age.","Interpretation depends on expected penetrance, age of onset, genotype/zygosity and reliable phenotype ascertainment.",Confirm disease expected to be highly penetrant by observed age → identify genotype incompatible with disease in well-phenotyped healthy individual(s) → assess zygosity/inheritance → BS2. Population counts alone require caution.,"fastVEP-style AC or homozygote-count heuristics are implementation defaults, not universal ClinGen thresholds.",genotype/zygosity; age; phenotype; penetrance; expected onset; inheritance; healthy-individual count,Well-phenotyped cohorts; PubMed; population datasets as supportive context,Semi-automatic,BS2,disputes,strong or adjusted,BS2 if default strong; otherwise BS2_<strength>; BS2_not_met,Generic StudyResult for healthy-individual genotype/phenotype observations; population StudyResult may be supporting context.,"Penetrance, age of onset and quality of phenotype ascertainment."
BS3,Benign,strong,Well-established functional studies show no damaging effect on protein function or splicing.,Same ClinGen functional-evidence framework as PS3; assay validity and controls determine whether/at what strength benign evidence is appropriate.,Require curated disease-relevant validated assay → normal/non-damaging result with appropriate controls/validation → assign strength from assay validity.,Keep raw assay result separate from ACMG interpretation and avoid double counting the same functional evidence.,assay; system; controls; validation variants; result; statistics; replication; PMID/MaveDB ID,MaveDB; PubMed; ClinGen Evidence Repository,Curated / semi-automatic,BS3,disputes,supporting / moderate / strong / very strong when justified,BS3 if default strong; otherwise BS3_<strength>; BS3_not_met,ExperimentalVariantFunctionalImpactStudyResult and/or functional-impact Statement.,Assay validity and disease-mechanism relevance.
BS4,Benign,strong,Lack of segregation in affected members of a family.,"ClinGen PP1/BS4/PP4 guidance requires structured segregation interpretation and consideration of penetrance, phenocopy and locus heterogeneity.","Identify genotype-phenotype inconsistency → test whether reduced penetrance, phenocopy, age-dependent onset, heterogeneity or genotype error can explain it → if not, quantify non-segregation evidence → BS4.",Do not auto-fire from a single discordant relative without contextual review.,pedigree; genotypes; phenotypes; ages; penetrance; inheritance; locus heterogeneity,Internal pedigree data; HPO/MONDO as context,Semi-automatic / curator,BS4,disputes,strong or adjusted,BS4 if default strong; otherwise BS4_<strength>; BS4_not_met,Generic StudyResult for segregation/non-segregation observations.,"Phenocopy, reduced penetrance, age-dependent onset, locus heterogeneity."
BP1,Benign,supporting,Missense variant in a gene for which primarily truncating variants are known to cause disease.,Disease mechanism and known pathogenic variant spectrum are required; gene constraint alone should not define the rule.,Variant is missense + established disease mechanism is predominantly LoF/truncating + pathogenic missense mechanism is not established → BP1.,Counts of known pathogenic missense variants may be used as a heuristic but must be provenance-tracked.,variant type; disease mechanism; known pathogenic variant spectrum,ClinGen Gene-Disease Validity; ClinVar,Semi-automatic,BP1,disputes,supporting,BP1; BP1_not_met,Statement for disease mechanism plus generic StudyResult for pathogenic variant spectrum.,Whether missense disease mechanism is truly absent/rare.
BP2,Benign,supporting,"Observed in trans with a pathogenic variant for a fully penetrant dominant disorder, or observed in cis with a pathogenic variant in any inheritance pattern.",Interpret phase in the context of inheritance and penetrance; require reliable phasing and comparator classification.,Obtain two variants + phase + inheritance → if configuration satisfies BP2 logic and second variant is sufficiently established pathogenic → BP2. Unknown phase → do not auto-fire.,Phased family/read-based evidence should be preferred to inferred phase.,two variants; phase; inheritance; penetrance; second-variant classification/evidence,Internal family data; ClinVar; ClinGen Evidence Repository,Semi-automatic,BP2,disputes,supporting,BP2; BP2_not_met,Generic StudyResult for phase/genotypes plus Statement for second-variant pathogenicity.,Phase certainty and inheritance/penetrance assumptions.
BP3,Benign,supporting,In-frame deletion/insertion in a repetitive region without a known function.,Confirm that the repeat region lacks established functional importance; avoid conflict with PM4.,"In-frame insertion/deletion + overlaps repetitive region + no established functional domain/critical region → BP3. If domain/repeat interpretation is uncertain, review.",RepeatMasker overlap alone is insufficient if the region has known function.,indel length/frame; repeat annotation; functional domain/region annotation,VEP; RepeatMasker; UniProt; InterPro,Automatic / semi-automatic,BP3,disputes,supporting,BP3; BP3_not_met,"Generic StudyResult for in-frame consequence, repeat and domain annotation.",Functional relevance of repeat region.
BP4,Benign,supporting,Multiple lines of computational evidence suggest no impact on gene/gene product.,Use calibrated computational predictors instead of majority vote; benign calibrated intervals can support adjusted strengths.,Select calibrated predictor → compare score to benign calibration interval → assign BP4 strength → reconcile with splice/functional evidence and avoid applying benign prediction where incompatible with high-confidence null/splice evidence.,"fastVEP uses REVEL ≤0.290 Supporting, ≤0.183 Moderate, ≤0.016 Strong, ≤0.003 Very Strong; SpliceAI ≤0.1 Supporting. Record predictor/version and calibration source.",predictor/version; score; variant type; calibration thresholds; splice context,REVEL; SpliceAI; VEP,Automatic,BP4,disputes,supporting / moderate / strong / very strong,BP4 if supporting; BP4_moderate / BP4_strong / BP4_very_strong when adjusted; BP4_not_met,Generic StudyResult for computational score(s); no dedicated computational StudyResult profile in VA-Spec v1.0.,Calibration source/version and conflicts/double counting.
BP5,Benign,supporting,Variant found in a case with an alternate molecular basis for disease.,Alternative diagnosis must adequately explain the phenotype; dual diagnosis must be considered.,"Identify alternate causal variant/diagnosis → assess whether it fully or near-fully explains phenotype → if evaluated variant lacks independent phenotype contribution, BP5; if dual diagnosis remains plausible, MANUAL_REVIEW internally.",Do not auto-fire solely because another pathogenic variant exists.,patient phenotype; alternate variant/gene; alternate classification; phenotype match; dual-diagnosis assessment,Internal patient data; ClinVar; HPO; MONDO,Manual / semi-automatic,BP5,disputes,supporting,BP5; BP5_not_met,Statement describing alternative molecular diagnosis plus phenotype-match evidence.,Completeness of alternative explanation and dual diagnosis.
BP6,Benign,supporting,"Reputable source recently reports variant as benign, but evidence is not available to the laboratory.",ClinGen recommends that BP6 not be used; retrieve and evaluate primary evidence instead.,Never produce MET under the General ClinGen policy. External benign classifications are evidence-discovery aids only.,Internal workflow status = NOT_APPLICABLE/DEPRECATED.,None for scoring; external classifications may be used for evidence discovery,ClinVar for discovery only,Disabled,BP6,disputes,supporting (legacy only),"Do not emit a MET EvidenceLine. If explicitly evaluated and recorded not-met, BP6_not_met is schema-compatible; deprecation belongs in Extension/local workflow metadata.",Normally none.,N/A; deprecated.
BP7,Benign,supporting,Synonymous variant with no predicted splice impact and low nucleotide conservation.,ClinGen splicing guidance refines location/prediction/RNA considerations and warns against double counting across PVS1/PS1/PP3/BP4/BP7.,Synonymous/noncoding candidate appropriate for BP7 → outside splice-critical positions as defined by adopted rule → calibrated splice prediction supports no impact → conservation/RNA evidence does not suggest function → BP7. Reconcile with other splice criteria.,"A practical implementation may use SpliceAI ≤0.1 and a documented conservation threshold; any intronic distance limits are implementation policy, not universal ClinGen thresholds.",consequence; exon/intron offset; splice predictor/version/score; conservation; RNA evidence if available,VEP; SpliceAI; PhyloP/PhyloCons; PubMed/RNA evidence,Automatic / semi-automatic,BP7,disputes,supporting,BP7; BP7_not_met,Generic StudyResult for splice prediction/conservation; Statement or functional StudyResult for RNA evidence where available.,"Splicing edge cases, RNA evidence, and double counting."
